{
  "hiuys": true,
  "oiafl": true,
  "qkpuj": 0.2868655020683444,
  "vgzlk": 84,
  "vjika": 0.5401653657013595,
  "lwauu": true,
  "dkffi": -8,
  "snbjp": false,
  "lcgnr": true,
  "nanrq": false,
  "onsri": -79,
  "ulobv": false,
  "vajsv": true,
  "lilln": 0.02319142829705345,
  "gcgyh": false,
  "fxclo": true,
  "cxiap": true,
  "vdihq": 0.3850324416860188,
  "jzjie": 0.2614438857205327
}