{
  "sncwi": true,
  "fvlid": 0.9343602726069511,
  "xidoy": 0.4585096287878353,
  "dsvru": 55,
  "gkfsr": -20,
  "somob": 0.44712901760421375,
  "iikmd": true,
  "zwubo": false,
  "oexlt": true,
  "smvtp": -51,
  "figwp": 0.2390824373886783,
  "abvsr": -72,
  "wmdwk": -37,
  "ajujk": true
}